keyphrase,label
spy balloon,0
eintracht frankfurt vs hertha berlin,0
ut vs auburn,0
ut auburn basketball,0
dod balloon,0
sassuolo vs atalanta prediction,0
nxt vengeance day start time,0
atalanta vs sassuolo prediction,0
eupen vs westerlo,0
cj hunt,0
military shoots down balloon,0
latest on chinese balloon,0
sy senegal,0
isu vs kansas basketball,0
xi spy balloon,0
biden syracuse,0
nufc west ham,0
xi jinping balloon,0
auburn vs tennessee basketball,0
ksu vs texas basketball,0
spyballon shot down,0
arctic netflix,0
ku vs isu,0
b complex shot,0
ku iowa state game,0
doucoure everton,0
rb leipzig vs cologne,0
tik tok china,0
ky vs florida,0
uva vs vt,0
rutgers vs michigan state,0
sf lunar parade,0
a balloon from china,0
sf lunar year parade,0
butler vs marquette,0
lemina wolves,0
kstate texas basketball,0
bublik vs jarry,0
bida next grand winner,0
utrecht vs heerenveen,0
sc balloon shot down,0
ut basketball vs auburn,0
kawhi vs knicks,0
haener,0
uconn georgetown,0
f new hampshire,0
vadh imdb,0
size of chinese balloon,0
boiling water girl twitter,0
wac vs hilal live,0
myrtle beach spy balloon,0
tn vs auburn basketball,0
uva vt basketball,0
vadh review,0
senior bowl stats,0
mouz vs og,0
nxt vengeance day time,0
watch the reading,0
iu vs purdue stream,0
route of chinese spy balloon,0
conor vs chandler,0
mun vs crystal palace,0
us spy balloons,0
locksmith movie,0
msu vs rutgers basketball,0
spezia vs napoli,0
al ahly vs real madrid,0
pz vs qg,0
alison botha,0
stromboli netflix,0
fc sounders,0
aircraft tracker,0
iu purdue score,0
rennes vs losc,0
tsitsipas davis cup,0
mavs vs warriors,0
sc spy balloon,0
us cellular outage,0
logan movie,0
nufc vs west ham,0
us shoots down spy balloon,0
bvb vs freiburg,0
hopkins lacrosse,0
wydad fc,0
us jets,0
mil vs mia,0
k state vs texas basketball,0
mgp norway,0
luton town vs stoke city,0
ucf vs cincinnati basketball,0
ut vs auburn basketball,0
kuzma vs nets,0
maryland lacrosse,0
spie balloon,0
senior bowl game,0
wydad vs ahly,0
wydad vs hilal live,0
uk girl over a man video,0
vt uva,0
bida next winner,0
mads mikkelsen arctic,0
ihc vs liquid,0
betis vs celta vigo prediction,0
eintracht frankfurt vs hertha bsc,0
sc chinese spy balloon,0
warwick davis labyrinth,0
ku vs iowa,0
ire vs wales,0
terps lacrosse,0
nb power outage map,0
lcq tekken bracket,0
us military shoots down balloon,0
update on chinese spy balloon,0
osorio vs garcia,0
uk florida game,0
cny parade sf,0
mufc vs crystal palace,0
update on chinese balloon,0
utrecht vs heerenveen prediction,0
dortmund vs freiburg prediction,0
stoker movie,0
lfc vs wolves,0
edgar garay,0
clippers vs knicks prediction,0
stoke space,0
cdl bracket,0
spying balloon shot down,0
zha vs lee,0
vt vs virginia basketball,0
wofford vs furman basketball,0
wral chinese balloon,0
lal vs nop,0
quietest room in the world,0
fk kapaz vs qarabag fk,0
zvezda fc,0
nb grand prix,0
iu pu game,0
bio ggg b,0
uk florida basketball game,0
du lacrosse,0
ku vs iowa state,0
msu vs rutgers,0
wi vs zimbabwe,0
iu purdue game channel,0
iu purdue game time,0
onlyprxncessa video twitter,0
iu basketball radio,0
rutgers lacrosse,0
iu vs purdue score,0
apy balloon,0
is there a second chinese balloon,0
uconn vs georgetown,0
nop vs lal,0
mako my day netflix,0
iupui vs green bay,0
ku iowa score,0
inside lacrosse,0
why is china spying,0
prp vs rd,0
iu vs purdue game,0
is us going to war,0
ahly vs seattle live,0
blimp shot down,0
gsw vs mavs,0
ullmark all star,0
leyton orient vs afc wimbledon,0
lunar new year parade sf,0
us research balloon,0
bp rugby,0
jinping balloon,0
us downs chinese balloon,0
syracuse lacrosse roster,0
video of balloon shootdown,0
fc volendam vs az alkmaar,0
k state texas basketball,0
us naval observatory,0
tn vs auburn,0
haunt movie,0
pooh balloon,0
fc utrecht vs heerenveen,0
jake haener,0
koln vs rb leipzig,0
bitlife water slide tester,0
wi vs zim live streaming,0
are we going to war with china,0
spyball china,0
iu vs purdue live stream,0
kuzma injury,0
sf chinese new year parade time,0
iu game time,0
fairview nc,0
vucevic vs portland,0
us jet shoots down balloon,0
md lacrosse,0
uva vs vt basketball,0
soy balloon shot down,0
iu and purdue game,0
wizards vs nets prediction,0
zubac vs knicks,0
creighton vs villanova,0
alison movie,0
vfl bochum vs hoffenheim,0
tn auburn,0
umd lacrosse,0
mgp live,0
vt vs uva basketball,0
wac vs hil,0
bc vs syracuse,0
da un jung vs devin clark,0
senior bowl score,0
tekken world tour,0
sf new year parade,0
ireland wales rugby,0
nets vs wizards,0
wales ireland rugby,0
where is the balloon now,0
where is the chinese balloon now,0
where is the spy balloon now,0
duke unc game,0
reading movie,0
purdue iu game,0
ireland rugby,0
dortmund vs freiburg,0
iu purdue game,0
sassuolo vs atalanta,0
atalanta vs sassuolo,0
unc duke game,0
chinese spy balloon shot down,0
true spirit,0
pachuca vs leon,0
mu vs palace,0
chinese balloon tracker,0
betis vs celta vigo,0
ireland vs wales,0
purdue vs iu,0
jeka vs anshul,0
nhl all star game time,0
balloon shot down video,0
purdue vs indiana,0
shooting down balloon,0
benfica vs casa pia,0
lewis vs spivak,0
arctic movie,0
du vieux,0
mcgregor chandler,0
vengeance day nxt,0
jubli vs saragih,0
dortmund vs sc freiburg,0
carolina duke game,0
was the balloon shot down,0
anshul jubli vs jeka saragih,0
osasuna vs espanyol,0
bessie movie,0
spy balloon tracker,0
what is the chinese balloon,0
spivak lewis,0
us shoots down balloon,0
chinese spy balloons,0
mu crystal palace,0
wales vs ireland,0
wolves vs liverpool,0
liverpool vs wolves,0
wolves liverpool,0
seattle sounders,0
sounders,0
unc duke,0
duke unc,0
arsenal vs everton,0
everton vs arsenal,0
ahly seattle,0
ireland wales,0
newcastle vs west ham,0
china balloon,0
psg vs toulouse,0
toulouse vs psg,0
shot down,0
balloon shot down,0
shot down balloon,0
balloon china,0
balloon,0
arsenal everton,0
wales ireland,0
tigres vs cruz azul,0
lakers vs pelicans,0
lecce cremonese,0
manchester united vs crystal palace,0
wales rugby,0
senegal vs algeria,0
algeria vs senegal,0
the reading,0
brighton vs bournemouth,0
duke vs unc,0
unc vs duke,0
arema vs psm,0
spy balloon shot down,0
china spy balloon,0
iu purdue,0
al ahly vs seattle sounders,0
zimbabwe vs west indies,0
atalanta sassuolo,0
cruz azul vs tigres,0
shot down spy balloon,0
chinese balloon shot down,0
pelicans vs lakers,0
sounders vs al ahly,0
where is the chinese spy balloon now,0
nc balloon,0
kstate texas,0
uk florida,0
cruz azul vs tigres uanl,0
edgar garay video,0
kansas vs iowa state,0
exeter city,0
sc balloon,0
vadh movie story,0
auburn tennessee basketball,0
true spirit movie,0
rennes vs lille,0
ahly vs real madrid,0
mcgregor vs chandler,0
lecce vs cremonese,0
zvezda vojvodina,0
video of chinese balloon,0
u vs cantolao,0
va vs va tech basketball,0
iu vs purdue basketball,0
emelianenko vs bader,0
syracuse lacrosse,0
ncaa basketball schedule,0
cj mccollum stats vs lakers,0
myrtle beach balloon,0
cnn balloon,0
spy balloon meme,0
az volendam,0
deji vs jake paul,0
leipzig vs koln,0
altrincham vs wrexham,0
mgp finale,0
us shoots down chinese balloon,0
shooting down chinese balloon,0
volver al amor,0
rugby world rankings,0
sounders club world cup,0
path of chinese balloon,0
cj mccollum vs lakers,0
jaisalmer palace,0
og vs mouz,0
posse movie,0
vani jayaram,1
vani jayaram death,1
six nations,2
a parks tennis,3
txt taehyun,3
giselle miami,3
taehyun txt birthday,3
sue yung,3
rosa parks birthday,3
ronaldo birthday,3
yung miami birthday,3
jisung birthday,3
kiara advani parents,4
kiara advani mother,4
kiara advani net worth,4
kiara advani,4
dazn fight tonight,5
february full moon,5
fedor fight,5
amanda serrano fight,5
is it a full moon,5
full moon tonight,5
amanda sperduti,5
is it a full moon tonight,5
moon phase,5
phase syndrome,5
train derailment,6
derailment ohio,6
palestine ohio,6
ohio train derailment,6
east palestine train derailment,6
norfolk southern derailment,6
train derailment ohio,6
brian schottenheimer,7
duhan van der merwe,8
flight radar,9
dare to dream,10
watson scott test,11
jessica watson,11
elche villarreal,12
viking wolf,13
jack reacher,14
unfreeze pipes,15
frozen pipes,15
thawing frozen pipes,15
mowry bellator,16
bellator,16
lady era,17
svt play,18
suryagarh,19
anil bheem wife,20
anil bheem age,20
jaden hossler,20
jaden hossler age,20
anil bheem,20
anil bheem songs,20
anastasia karanikolaou age,20
guddi songs,20
el globo chino,21
globo espia chino,21
eeuu derriba globo,21
oec result,22
tarkowski,23
go karts,24
jon scheyer,25
jurgen klopp james pearce,26
ab harrison,26
james harrison,26
katie holmes movies,26
klopp james pearce,26
james bond movies,26
rose leslie,27
imam ali shrine,28
wiladat mola ali mubarak,28
wiladat mola ali,28
wiladat imam ali,28
aj ginnis,29
trailhawk,30
ultimate fighter,31
brandon smiley funeral,32
armie hammer interview,33
neuer interview,33
sasha walpole,34
lyft driver missing,35
hbcu battle of the bands,36
reddit hogwarts legacy,36
hbcu legacy classic,36
lobo vikingo,37
msm epic noggin,38
epic noggin,38
bjk sivas,39
la joaqui,40
psl exhibition match,41
simplehuman,42
sidharth malhotra family,43
tkachuk matthew,43
keith mitchell,43
tkachuk family,43
tkachuk hockey,43
walt tkachuk,43
tkachuk keith,43
keith tkachuk,43
royalty family,43
bowmanville,44
eiza gonzalez,45
pearl gonzalez,45
eiza gonzalez ben simmons,45
fernando valenzuela,46
natalie imbruglia,47
julia child,48
jaehyun golden child,48
mesa marathon results,49
mesa marathon road closures,49
mesa marathon,49
kyoto lyrics,50
boys a liar lyrics,50
eaea lyrics,50
cuff it wetter remix lyrics,50
boys a liar,50
yuanxiao,51
yuanxiao festival,51
cajun seafood near me,51
cajun festival,51
breweries near me,51
taira ufc,52
taira tatsuro,52
ji yeon kim ufc,52
jimmy buffett,53
setenil spain,54
leonardo dicaprio girlfriend,55
tybura ivanov,56
munich air disaster,57
vinyl chloride,58
sidewinder missile,59
billy porter,60
saturday rosary,61
alex wolff,62
pink pantheress,63
fun delivered,64
thibau nys,65
divyang,66
divyang person,66
tania alvarez,67
sebastian haller,68
huge a tron,69
huge pterodactyl value,69
psx huge a tron,69
purple honey,70
neiman gracie,71
mike woodson,72
langley afb,73
hotbox uber,74
uber hotbox,74
faith chapel,75
oswin andries,76
phasesmoon com,77
gordon chang,78
gordon getty,78
mekhaled,79
elizabeth chambers,80
famous flames,81
dahlia dimples,82
ray kroc,83
crab island,84
aot fortnite,85
aot x fortnite,85
rare maw,86
coast guard rescue,87
mcnealy,88
carter cutlery,89
assembly hall capacity,89
murray carter knives,89
eunice carter,89
chrysler hall,89
uss carter hall,89
tatsumi,90
espn ncaam,91
dakota lounge,92
republic lounge,92
molineux stadium,93
eli manning horse drawing,94
kiss me kate,95
neal maupay,96
captain pike,97
nanny diaries,98
jericho labonte,99
dreamy bull,100
stavro blofeld,101
cowboys and aliens,102
pope joan,103
fenty ice gloss,104
gary levin,105
idrissa gueye,106
dean smith,107
iheanacho,108
cattle king,109
steel magnolias cast,109
cattle king cast,109
zone valve,110
daniela rendon,111
tiffany heart necklace,112
daljeet kaur marriage,113
daljeet kaur and nikhil,113
nikhil patel daljeet kaur,113
morgan radford,114
leccion escuela sabatica,115
etude in black,116
arlington memorial hospital,116
code black hospital,116
cs sam,117
magha purnima,118
viewliner bedroom,119
richard sandrak,120
cobblemon,121
unsit,122
avsaragova,123
kuiken,124
cozier duberry,125
mcu characters,126
bausele,127
phoenix convention center,128
abu dhabi open,129
igor mangushev,130
gabby thomas,131
brenda vaccaro,132
kovai sarala,133
liz churchill,134
noah lyles,135
overtime elite,136
carrie underwood tampa,137
dombrandt,138
hip drop tackle,139
wendi winters,140
project legion,141
kurt busch,142
hyperbees,143
escapology,144
aqsa afridi wedding,145
aqsa afridi husband,145
a country wedding,145
ntokozo xaba,146
arm wars,147
arm wars dark card,147
titanic showtimes,148
judgement of paris,149
dhruv vidyut,150
yukon quest,151
ayesha kanga,152
higueral produce,153
actor mount,154
mhada lottery pune,155
rabbit tobacco,156
aadam,157
max fried,158
vj adams,159
hajduk rijeka,160
lash soul,161
trouble in boomer fantasy land,162
atif saeed,163
atif saeed lion,163
boo box,164
flour box,164
boo box hook,164
edmond dantes,165
vaathi audio launch,166
silent rage,167
eblen mma,168
antonia johnson,169
sky tops,170
matching hearts,171
laszlo pacso,172
nicholas irving,173
efrosina angelova,174
saddle the wind,175
opus music group,176
alejandra lara,177
jill kortleve,178
trey galloway,179
genji midland,180
nybo noruega,181
nybo oslo,181
yusuf karakaya,182
siju sunny,183
aristophanes quotes,184
durgesh thapa,185
kadhal kanave,186
actress melinda dillon,187
choco taco,188
ride safer vest,189
pmahis,190
jelen super liga,191
milton suicide squad,192
eugenia martinez vallejo,193
seaport fire,194
seaport boston fire,194
bollyx,195
zuri anderson,196
unmit,197
masayoshi arai,198
nrg supercross,199
asima sefic,200
faze kaysan,201
joey greco,202
twisted fork,203
raat baki,204
suhani raat,204
mouth of sauron,205
breckynn willis,206
cif soccer playoffs,207
cif soccer brackets,207
cif ss soccer,207
tina hermann,208
wimpys,209
fncs drops,210
fncs rewards,210
oracle arena,211
plaza mariachi,212
diego frazzo turkato,213
tea bag walking,214
boozy iced tea,214
alameda flea market,215
fiesta jay z,216
audrey dalton,217
sioux falls stampede,218
wyatt raska,219
macbook butterfly keyboard,220
jorge joestar,221
saitama battleground,222
rush funplex,223
accordion parts,224
baton rouge parades,225
saffron source,226
oddities and curiosities expo louisville,227
hogfish grill,228
evga motherboard,229
abdala bucaram,230
mikayla jones,231
sullivan jones,231
lucas tomlinson,232
fur shark tank,233
laguna roja,234
krystal and saagar,235
usher alicia keys,236
ja rule print,237
ree drummond brookies,238
pioneer woman brookies,238
ayew fred,239
ywam brazil,240
ywam recife,240
tssaa wrestling,241
sekacz,242
seung guk choi,243
auma fashion styling firm,244
zverev huesler,245
mophie juice pack,246
siegel cerbone mazzei,247
conway pa,248
skjelmose,249
saad rizvi,250
regent seaglider,251
iace usa,252
ancona hummingbird kettle,253
eutrapela,254
manju bhargavi,255
nuno borges,256
rhythm and weep,257
dobbs on south,258
sumi somaskanda,259
ix home and garden,260
wattle mimosa tree,261
fs vanderson sbc,262
fs vanderson fifa,262
muravil creatures of sonaria,263
nolumoth sonaria,263
malnati golf,264
hiit workout style,265
leia organa son,266
reagan attorney general,267
tuipulotu scotland,268
no regrets conference,269
deborah daub,270
shlomo helbrans,271
him album,272
dhruvaditya bhagwanani,273
krewe of poseidon,274
euba,275
hush puppies origin,276
jupiter jubilee,277
s dyche,278
jakubinskij,279
jo koy boise,280
siasi philippines,281
sinister minister,282
kamp fest,283
duoflix,284
nouhou tolo,285
mpsi babies,286
nuuds owner,287
reid carrico,288
twenty sided shape,289
jw marriott palm springs,290
canyon crest apartments,291
siphon draw trail,292
itskekebabii,293
luxury lifestyle vacations,294
falcon heene,295
absinthe drink,296
fungal illness that mimics covid,297
anechoic chamber microsoft,298
nimbus the cat,299
nadia kassem,300
